frame,doa
0,[62.]
1,[61.]
2,[59.]
3,[58.]
4,[58.]
5,[59.]
6,[264.]
7,[268.]
8,[272.]
9,[250.]
10,[268.]
11,[238.]
12,[57.]
13,[56.]
14,[54.]
15,[54.]
16,[52.]
17,[51.]
18,[55.]
19,[51.]
20,[50.]
21,[52.]
22,[51.]
23,[206.]
24,[55.]
25,[215.]
26,[203.]
27,[265.]
28,[252.]
29,[264.]
30,[201.]
31,[206.]
32,[270.]
33,[195.]
34,[68.]
35,[67.]
36,[66.]
37,[68.]
38,[63.]
39,[67.]
40,[67.]
41,[68.]
42,[67.]
43,[70.]
44,[68.]
45,[68.]
46,[69.]
47,[72.]
48,[70.]
49,[68.]
50,[68.]
51,[71.]
52,[70.]
53,[70.]
54,[71.]
55,[244.]
56,[69.]
57,[200.]
58,[260.]
59,[255.]
60,[248.]
61,[238.]
62,[245.]
63,[262.]
64,[245.]
65,[251.]
66,[242.]
67,[242.]
68,[239.]
69,[239.]
70,[239.]
71,[235.]
72,[254.]
73,[251.]
74,[216.]
75,[212.]
76,[210.]
77,[260.]
78,[256.]
79,[252.]
80,[212.]
81,[333.]
82,[334.]
83,[208.]
84,[207.]
85,[197.]
86,[229.]
87,[273.]
88,[265.]
89,[273.]
90,[277.]
91,[237.]
92,[230.]
93,[240.]
94,[237.]
95,[245.]
96,[247.]
97,[247.]
98,[244.]
99,[250.]
100,[249.]
101,[254.]
102,[283.]
103,[58.]
104,[275.]
105,[61.]
106,[62.]
107,[61.]
108,[61.]
109,[64.]
110,[278.]
111,[277.]
112,[280.]
113,[65.]
114,[63.]
115,[63.]
116,[150.]
117,[69.]
118,[152.]
119,[122.]
120,[152.]
121,[223.]
122,[237.]
123,[220.]
124,[161.]
125,[166.]
126,[211.]
127,[158.]
128,[150.]
129,[150.]
130,[268.]
131,[257.]
132,[148.]
133,[104.]
134,[207.]
135,[192.]
136,[142.]
137,[140.]
138,[282.]
139,[274.]
140,[268.]
141,[264.]
142,[288.]
143,[279.]
144,[295.]
145,[291.]
146,[282.]
147,[285.]
148,[280.]
149,[279.]
150,[280.]
151,[288.]
152,[287.]
153,[307.]
154,[316.]
155,[324.]
156,[317.]
157,[317.]
158,[320.]
159,[322.]
160,[320.]
161,[324.]
162,[320.]
163,[321.]
164,[313.]
165,[275.]
166,[282.]
167,[272.]
168,[47.]
169,[49.]
170,[48.]
171,[50.]
172,[49.]
173,[50.]
174,[49.]
175,[47.]
176,[274.]
177,[275.]
178,[274.]
179,[275.]
180,[276.]
181,[273.]
182,[274.]
183,[253.]
184,[246.]
185,[267.]
186,[242.]
187,[241.]
188,[241.]
189,[245.]
190,[267.]
191,[240.]
192,[242.]
193,[61.]
194,[61.]
195,[60.]
196,[204.]
197,[205.]
198,[60.]
199,[62.]
200,[62.]
201,[61.]
202,[62.]
203,[62.]
204,[274.]
205,[61.]
206,[61.]
207,[68.]
208,[61.]
209,[61.]
210,[58.]
211,[63.]
212,[61.]
213,[61.]
214,[62.]
215,[60.]
216,[64.]
217,[61.]
218,[62.]
219,[60.]
220,[62.]
221,[62.]
222,[64.]
223,[61.]
224,[64.]
225,[63.]
226,[64.]
227,[56.]
228,[62.]
229,[262.]
230,[308.]
231,[248.]
232,[252.]
233,[242.]
234,[246.]
235,[242.]
236,[248.]
237,[246.]
238,[246.]
239,[243.]
240,[255.]
241,[268.]
242,[152.]
243,[152.]
244,[210.]
245,[235.]
246,[229.]
247,[157.]
248,[246.]
249,[241.]
250,[223.]
251,[224.]
252,[222.]
253,[242.]
254,[259.]
255,[247.]
256,[256.]
257,[257.]
258,[242.]
259,[240.]
260,[251.]
261,[244.]
262,[244.]
263,[245.]
264,[254.]
265,[246.]
266,[246.]
267,[246.]
268,[242.]
269,[252.]
270,[276.]
271,[253.]
272,[239.]
273,[243.]
274,[262.]
275,[246.]
276,[249.]
277,[248.]
278,[244.]
279,[247.]
280,[247.]
281,[250.]
282,[249.]
283,[214.]
284,[67.]
285,[209.]
286,[209.]
287,[160.]
288,[159.]
289,[155.]
290,[151.]
291,[156.]
292,[157.]
293,[153.]
294,[165.]
295,[266.]
296,[158.]
297,[190.]
298,[241.]
299,[208.]
300,[167.]
301,[206.]
302,[209.]
303,[206.]
304,[214.]
305,[219.]
306,[212.]
307,[221.]
308,[213.]
309,[208.]
310,[207.]
311,[203.]
312,[206.]
313,[208.]
314,[205.]
315,[198.]
316,[202.]
317,[204.]
318,[204.]
319,[203.]
320,[205.]
321,[201.]
322,[207.]
323,[205.]
324,[205.]
325,[211.]
326,[203.]
327,[62.]
328,[67.]
329,[67.]
330,[210.]
331,[206.]
332,[57.]
333,[58.]
334,[59.]
335,[61.]
336,[56.]
337,[61.]
338,[59.]
339,[58.]
340,[60.]
341,[58.]
342,[58.]
343,[59.]
344,[60.]
345,[60.]
346,[59.]
347,[58.]
348,[62.]
349,[62.]
350,[62.]
351,[64.]
352,[63.]
353,[64.]
354,[68.]
355,[66.]
356,[67.]
357,[70.]
358,[68.]
359,[69.]
360,[69.]
361,[64.]
362,[64.]
363,[67.]
364,[68.]
365,[66.]
366,[67.]
367,[67.]
368,[272.]
369,[65.]
370,[65.]
371,[69.]
372,[70.]
373,[201.]
374,[72.]
375,[73.]
376,[199.]
377,[204.]
378,[206.]
379,[71.]
380,[71.]
381,[243.]
382,[243.]
383,[262.]
384,[250.]
385,[66.]
386,[68.]
387,[68.]
388,[216.]
389,[228.]
390,[209.]
391,[231.]
392,[237.]
393,[254.]
394,[257.]
395,[231.]
396,[250.]
397,[241.]
398,[233.]
399,[245.]
400,[227.]
401,[221.]
402,[213.]
403,[215.]
404,[71.]
405,[72.]
406,[234.]
407,[232.]
408,[235.]
409,[66.]
410,[68.]
411,[67.]
412,[227.]
413,[234.]
414,[227.]
415,[155.]
416,[260.]
417,[234.]
418,[248.]
419,[233.]
420,[250.]
421,[237.]
422,[234.]
423,[233.]
424,[235.]
425,[228.]
426,[235.]
427,[230.]
428,[40.]
429,[167.]
430,[228.]
431,[229.]
432,[68.]
433,[69.]
434,[68.]
435,[172.]
436,[70.]
437,[67.]
438,[69.]
439,[65.]
440,[69.]
441,[66.]
442,[70.]
443,[70.]
444,[325.]
445,[39.]
446,[145.]
447,[144.]
448,[148.]
449,[230.]
450,[152.]
451,[158.]
452,[162.]
453,[165.]
454,[168.]
455,[155.]
456,[150.]
457,[145.]
458,[149.]
459,[153.]
460,[156.]
461,[154.]
462,[157.]
463,[234.]
464,[170.]
465,[147.]
466,[119.]
467,[237.]
468,[158.]
469,[169.]
470,[172.]
471,[231.]
472,[221.]
473,[234.]
474,[234.]
475,[253.]
476,[238.]
477,[230.]
478,[240.]
479,[254.]
480,[233.]
481,[234.]
482,[253.]
483,[264.]
484,[253.]
485,[232.]
486,[236.]
487,[260.]
488,[253.]
489,[269.]
490,[266.]
491,[230.]
492,[234.]
493,[234.]
494,[235.]
495,[235.]
496,[234.]
497,[233.]
498,[244.]
499,[233.]
500,[211.]
501,[205.]
502,[174.]
503,[232.]
504,[234.]
505,[270.]
506,[199.]
507,[208.]
508,[212.]
509,[202.]
510,[205.]
511,[203.]
512,[203.]
513,[205.]
514,[208.]
515,[197.]
516,[204.]
517,[204.]
518,[202.]
519,[126.]
520,[203.]
521,[203.]
522,[203.]
523,[205.]
524,[215.]
525,[204.]
526,[209.]
527,[210.]
528,[206.]
529,[209.]
530,[203.]
531,[206.]
532,[223.]
533,[221.]
534,[209.]
535,[212.]
536,[216.]
537,[239.]
538,[236.]
539,[113.]
540,[256.]
541,[208.]
542,[207.]
543,[213.]
544,[205.]
545,[205.]
546,[268.]
547,[203.]
548,[201.]
549,[199.]
550,[201.]
551,[206.]
552,[232.]
553,[237.]
554,[246.]
555,[269.]
556,[270.]
557,[67.]
558,[65.]
559,[258.]
560,[208.]
561,[201.]
562,[209.]
563,[272.]
564,[272.]
565,[206.]
566,[224.]
567,[257.]
568,[271.]
569,[237.]
570,[276.]
571,[242.]
572,[242.]
573,[241.]
574,[236.]
575,[116.]
576,[229.]
577,[256.]
578,[241.]
579,[244.]
580,[246.]
581,[243.]
582,[237.]
583,[226.]
584,[243.]
585,[271.]
586,[252.]
587,[240.]
588,[251.]
589,[253.]
590,[258.]
591,[242.]
592,[250.]
593,[246.]
594,[245.]
595,[241.]
596,[248.]
597,[259.]
598,[241.]
599,[250.]
600,[249.]
601,[239.]
602,[241.]
603,[244.]
604,[251.]
605,[243.]
606,[242.]
607,[243.]
608,[236.]
609,[242.]
610,[239.]
611,[239.]
612,[237.]
613,[242.]
614,[250.]
615,[251.]
616,[237.]
617,[237.]
618,[245.]
619,[239.]
620,[233.]
621,[225.]
622,[233.]
623,[230.]
624,[245.]
625,[243.]
626,[224.]
627,[250.]
628,[225.]
629,[228.]
630,[233.]
631,[232.]
632,[248.]
633,[240.]
634,[246.]
635,[66.]
636,[67.]
637,[67.]
638,[66.]
639,[234.]
640,[66.]
641,[67.]
642,[67.]
643,[65.]
644,[67.]
645,[239.]
646,[238.]
647,[236.]
648,[234.]
649,[236.]
650,[233.]
651,[240.]
652,[254.]
653,[250.]
654,[255.]
655,[264.]
656,[277.]
657,[269.]
658,[249.]
659,[226.]
660,[236.]
661,[227.]
662,[236.]
663,[227.]
664,[229.]
665,[240.]
666,[263.]
667,[70.]
668,[64.]
669,[68.]
670,[66.]
671,[66.]
672,[67.]
673,[66.]
674,[65.]
675,[68.]
676,[68.]
677,[66.]
678,[67.]
679,[65.]
680,[67.]
681,[63.]
682,[65.]
683,[62.]
684,[59.]
685,[58.]
686,[56.]
687,[215.]
688,[214.]
689,[211.]
690,[46.]
691,[57.]
692,[58.]
693,[64.]
694,[68.]
695,[70.]
696,[70.]
697,[72.]
698,[70.]
699,[70.]
700,[69.]
701,[69.]
702,[71.]
703,[71.]
704,[71.]
705,[71.]
706,[71.]
707,[70.]
708,[206.]
709,[219.]
710,[232.]
711,[229.]
712,[214.]
713,[206.]
714,[207.]
715,[207.]
716,[207.]
717,[206.]
718,[213.]
719,[208.]
720,[205.]
721,[206.]
722,[214.]
723,[258.]
724,[208.]
725,[202.]
726,[199.]
727,[200.]
728,[200.]
729,[202.]
730,[200.]
731,[196.]
732,[67.]
733,[70.]
734,[65.]
735,[209.]
736,[205.]
737,[209.]
738,[271.]
739,[23.]
740,[209.]
741,[206.]
742,[205.]
743,[200.]
744,[141.]
745,[135.]
746,[133.]
747,[132.]
748,[139.]
749,[140.]
750,[148.]
751,[223.]
752,[209.]
753,[147.]
754,[140.]
755,[136.]
756,[137.]
757,[138.]
758,[141.]
759,[143.]
760,[138.]
761,[139.]
762,[101.]
763,[141.]
764,[148.]
765,[144.]
766,[219.]
767,[220.]
768,[142.]
769,[202.]
770,[225.]
771,[227.]
772,[226.]
773,[228.]
774,[228.]
775,[232.]
776,[235.]
777,[227.]
778,[230.]
779,[228.]
780,[229.]
781,[229.]
782,[222.]
783,[224.]
784,[261.]
785,[41.]
786,[225.]
787,[229.]
788,[227.]
789,[224.]
790,[256.]
791,[235.]
792,[234.]
793,[234.]
794,[246.]
795,[135.]
796,[230.]
797,[137.]
798,[232.]
799,[232.]
800,[133.]
801,[205.]
802,[211.]
803,[213.]
804,[224.]
805,[228.]
806,[239.]
807,[228.]
808,[233.]
809,[231.]
810,[235.]
811,[233.]
812,[214.]
813,[208.]
814,[218.]
815,[233.]
816,[220.]
817,[208.]
818,[131.]
819,[229.]
820,[213.]
821,[205.]
822,[204.]
823,[207.]
824,[206.]
825,[206.]
826,[209.]
827,[206.]
828,[208.]
829,[209.]
830,[212.]
831,[208.]
832,[211.]
833,[211.]
834,[213.]
835,[209.]
836,[215.]
837,[213.]
838,[211.]
839,[214.]
840,[224.]
841,[218.]
842,[214.]
843,[204.]
844,[208.]
845,[263.]
846,[48.]
847,[207.]
848,[207.]
849,[213.]
850,[205.]
851,[212.]
852,[88.]
853,[85.]
854,[87.]
855,[83.]
856,[228.]
857,[340.]
858,[334.]
859,[340.]
860,[333.]
861,[335.]
862,[336.]
863,[334.]
864,[334.]
865,[335.]
866,[333.]
867,[338.]
868,[336.]
869,[336.]
870,[146.]
871,[335.]
872,[143.]
873,[335.]
874,[143.]
875,[68.]
876,[137.]
877,[78.]
878,[81.]
879,[83.]
880,[333.]
881,[337.]
882,[336.]
883,[342.]
884,[340.]
885,[339.]
886,[339.]
887,[336.]
888,[339.]
889,[336.]
890,[338.]
891,[338.]
892,[335.]
893,[334.]
894,[339.]
895,[138.]
896,[138.]
897,[135.]
898,[234.]
899,[136.]
900,[134.]
901,[215.]
902,[263.]
903,[193.]
904,[146.]
905,[71.]
906,[147.]
907,[223.]
908,[224.]
909,[74.]
910,[151.]
911,[133.]
912,[149.]
913,[151.]
914,[135.]
915,[138.]
916,[132.]
917,[134.]
918,[145.]
919,[123.]
920,[123.]
921,[103.]
922,[149.]
923,[154.]
924,[330.]
925,[134.]
926,[145.]
927,[106.]
928,[150.]
929,[145.]
930,[155.]
931,[81.]
932,[81.]
933,[227.]
934,[230.]
935,[226.]
936,[222.]
937,[158.]
938,[143.]
939,[143.]
940,[159.]
941,[151.]
942,[155.]
943,[148.]
944,[145.]
945,[264.]
946,[151.]
947,[158.]
948,[155.]
949,[169.]
950,[202.]
951,[49.]
952,[153.]
953,[157.]
954,[153.]
955,[161.]
956,[159.]
957,[158.]
958,[156.]
959,[159.]
960,[158.]
961,[152.]
962,[144.]
963,[128.]
964,[141.]
965,[260.]
966,[127.]
967,[111.]
968,[138.]
969,[143.]
970,[145.]
971,[143.]
972,[147.]
973,[140.]
974,[152.]
975,[108.]
976,[158.]
977,[175.]
978,[142.]
979,[150.]
980,[133.]
981,[145.]
982,[143.]
983,[143.]
984,[143.]
985,[146.]
986,[139.]
987,[273.]
988,[143.]
989,[138.]
990,[137.]
991,[267.]
992,[235.]
993,[235.]
994,[142.]
995,[292.]
996,[323.]
997,[326.]
998,[247.]
999,[236.]
1000,[331.]
1001,[233.]
1002,[239.]
1003,[239.]
1004,[239.]
1005,[333.]
1006,[331.]
1007,[332.]
1008,[319.]
1009,[236.]
1010,[226.]
1011,[232.]
1012,[237.]
1013,[131.]
1014,[141.]
1015,[139.]
1016,[142.]
1017,[139.]
1018,[324.]
1019,[332.]
1020,[332.]
1021,[219.]
1022,[124.]
1023,[139.]
1024,[236.]
1025,[230.]
1026,[141.]
1027,[233.]
1028,[237.]
1029,[237.]
1030,[235.]
1031,[236.]
1032,[237.]
1033,[234.]
1034,[230.]
1035,[141.]
1036,[224.]
1037,[239.]
1038,[223.]
1039,[225.]
1040,[231.]
1041,[231.]
1042,[245.]
1043,[238.]
1044,[236.]
1045,[43.]
1046,[240.]
1047,[241.]
1048,[268.]
1049,[111.]
1050,[325.]
1051,[324.]
1052,[327.]
1053,[328.]
1054,[327.]
1055,[328.]
1056,[323.]
1057,[325.]
1058,[330.]
1059,[326.]
1060,[326.]
1061,[327.]
1062,[326.]
1063,[327.]
1064,[327.]
1065,[328.]
1066,[328.]
1067,[103.]
1068,[328.]
1069,[332.]
1070,[330.]
1071,[329.]
1072,[333.]
1073,[331.]
1074,[331.]
1075,[331.]
1076,[327.]
1077,[330.]
1078,[328.]
1079,[335.]
1080,[276.]
1081,[284.]
1082,[105.]
1083,[271.]
1084,[71.]
1085,[336.]
1086,[75.]
1087,[337.]
1088,[77.]
1089,[75.]
1090,[334.]
1091,[335.]
1092,[77.]
1093,[76.]
1094,[78.]
1095,[79.]
1096,[137.]
1097,[78.]
1098,[73.]
1099,[77.]
1100,[77.]
1101,[78.]
1102,[332.]
1103,[337.]
1104,[190.]
1105,[231.]
1106,[332.]
1107,[334.]
1108,[333.]
1109,[334.]
1110,[338.]
1111,[336.]
1112,[275.]
1113,[334.]
1114,[140.]
1115,[334.]
1116,[340.]
1117,[226.]
1118,[221.]
1119,[223.]
1120,[272.]
1121,[256.]
1122,[129.]
1123,[131.]
1124,[74.]
1125,[66.]
1126,[68.]
1127,[66.]
1128,[68.]
1129,[80.]
1130,[225.]
1131,[13.]
1132,[337.]
1133,[326.]
1134,[333.]
1135,[357.]
1136,[209.]
1137,[213.]
1138,[233.]
1139,[229.]
1140,[220.]
1141,[251.]
1142,[246.]
1143,[247.]
1144,[240.]
1145,[252.]
1146,[248.]
1147,[240.]
1148,[139.]
1149,[82.]
1150,[243.]
1151,[140.]
1152,[139.]
1153,[242.]
1154,[249.]
1155,[246.]
1156,[249.]
1157,[131.]
1158,[126.]
1159,[137.]
1160,[132.]
1161,[133.]
1162,[144.]
1163,[140.]
1164,[267.]
1165,[269.]
1166,[148.]
1167,[263.]
1168,[144.]
1169,[146.]
1170,[132.]
1171,[268.]
1172,[267.]
1173,[267.]
1174,[272.]
1175,[266.]
1176,[149.]
1177,[150.]
1178,[151.]
1179,[153.]
1180,[154.]
1181,[151.]
1182,[90.]
1183,[154.]
1184,[150.]
1185,[235.]
1186,[156.]
1187,[151.]
1188,[146.]
1189,[270.]
1190,[152.]
1191,[147.]
1192,[153.]
1193,[153.]
1194,[153.]
1195,[155.]
1196,[271.]
1197,[159.]
1198,[155.]
1199,[154.]
1200,[258.]
1201,[153.]
1202,[147.]
1203,[160.]
1204,[158.]
1205,[161.]
1206,[81.]
1207,[154.]
1208,[158.]
1209,[149.]
1210,[152.]
1211,[139.]
1212,[147.]
1213,[148.]
1214,[146.]
1215,[147.]
1216,[276.]
1217,[146.]
1218,[146.]
1219,[145.]
1220,[149.]
1221,[149.]
1222,[258.]
1223,[238.]
1224,[236.]
1225,[167.]
1226,[197.]
1227,[155.]
1228,[153.]
1229,[157.]
1230,[162.]
1231,[159.]
1232,[156.]
1233,[168.]
1234,[154.]
1235,[150.]
1236,[151.]
1237,[166.]
1238,[161.]
1239,[93.]
1240,[161.]
1241,[151.]
1242,[163.]
1243,[238.]
1244,[168.]
1245,[161.]
1246,[167.]
1247,[170.]
1248,[164.]
1249,[152.]
1250,[150.]
1251,[202.]
1252,[196.]
1253,[230.]
1254,[270.]
1255,[147.]
1256,[30.]
1257,[280.]
1258,[227.]
1259,[154.]
1260,[153.]
1261,[148.]
1262,[158.]
1263,[147.]
1264,[148.]
1265,[124.]
1266,[110.]
1267,[145.]
1268,[149.]
1269,[151.]
1270,[156.]
1271,[156.]
1272,[151.]
1273,[149.]
1274,[153.]
1275,[156.]
1276,[162.]
1277,[156.]
1278,[158.]
1279,[163.]
1280,[160.]
1281,[163.]
1282,[161.]
1283,[160.]
1284,[157.]
1285,[153.]
1286,[150.]
1287,[146.]
1288,[148.]
1289,[197.]
1290,[149.]
1291,[179.]
1292,[150.]
1293,[154.]
1294,[157.]
1295,[159.]
1296,[231.]
1297,[164.]
1298,[230.]
1299,[160.]
1300,[260.]
1301,[227.]
1302,[231.]
1303,[238.]
1304,[242.]
1305,[235.]
1306,[234.]
1307,[231.]
1308,[231.]
1309,[332.]
1310,[158.]
1311,[152.]
1312,[147.]
1313,[149.]
1314,[155.]
1315,[152.]
1316,[151.]
1317,[153.]
1318,[151.]
1319,[228.]
1320,[237.]
1321,[232.]
1322,[244.]
1323,[237.]
1324,[232.]
1325,[142.]
1326,[142.]
1327,[270.]
1328,[267.]
1329,[271.]
1330,[130.]
1331,[337.]
1332,[334.]
1333,[248.]
1334,[336.]
1335,[274.]
1336,[314.]
1337,[337.]
1338,[280.]
1339,[296.]
1340,[277.]
1341,[143.]
1342,[139.]
1343,[138.]
1344,[139.]
1345,[144.]
1346,[141.]
1347,[115.]
1348,[293.]
1349,[262.]
1350,[243.]
1351,[231.]
1352,[231.]
1353,[237.]
1354,[234.]
1355,[235.]
1356,[232.]
1357,[269.]
1358,[153.]
1359,[154.]
1360,[216.]
1361,[212.]
1362,[217.]
1363,[224.]
1364,[225.]
1365,[228.]
1366,[226.]
1367,[212.]
1368,[222.]
1369,[148.]
1370,[202.]
1371,[200.]
1372,[203.]
1373,[209.]
1374,[222.]
1375,[77.]
1376,[78.]
1377,[76.]
1378,[77.]
1379,[77.]
1380,[76.]
1381,[78.]
1382,[73.]
1383,[77.]
1384,[137.]
1385,[79.]
1386,[96.]
1387,[80.]
1388,[74.]
1389,[83.]
1390,[76.]
1391,[78.]
1392,[78.]
1393,[83.]
1394,[123.]
1395,[80.]
1396,[79.]
1397,[75.]
1398,[79.]
1399,[75.]
1400,[78.]
1401,[229.]
1402,[78.]
1403,[79.]
1404,[77.]
1405,[79.]
1406,[299.]
1407,[82.]
1408,[136.]
1409,[139.]
1410,[260.]
1411,[132.]
1412,[272.]
1413,[137.]
1414,[306.]
1415,[140.]
1416,[138.]
1417,[137.]
1418,[148.]
1419,[166.]
1420,[275.]
1421,[237.]
1422,[233.]
1423,[236.]
1424,[238.]
1425,[234.]
1426,[238.]
1427,[252.]
1428,[232.]
1429,[245.]
1430,[237.]
1431,[235.]
1432,[233.]
1433,[270.]
1434,[253.]
1435,[231.]
1436,[235.]
1437,[248.]
1438,[268.]
1439,[236.]
1440,[230.]
1441,[231.]
1442,[225.]
1443,[236.]
1444,[245.]
1445,[234.]
1446,[233.]
1447,[239.]
1448,[231.]
1449,[234.]
1450,[229.]
1451,[238.]
1452,[226.]
1453,[80.]
1454,[235.]
1455,[233.]
1456,[228.]
1457,[228.]
1458,[229.]
1459,[235.]
1460,[245.]
1461,[229.]
1462,[228.]
1463,[235.]
1464,[234.]
1465,[233.]
1466,[236.]
1467,[234.]
1468,[75.]
1469,[239.]
1470,[238.]
1471,[67.]
1472,[63.]
1473,[65.]
1474,[144.]
1475,[267.]
1476,[246.]
1477,[152.]
1478,[235.]
1479,[150.]
1480,[149.]
1481,[261.]
1482,[154.]
1483,[159.]
1484,[152.]
1485,[158.]
1486,[161.]
1487,[164.]
1488,[159.]
1489,[162.]
1490,[175.]
1491,[176.]
1492,[160.]
1493,[83.]
1494,[151.]
1495,[149.]
1496,[103.]
1497,[147.]
1498,[140.]
1499,[156.]
1500,[270.]
1501,[265.]
1502,[148.]
1503,[154.]
1504,[160.]
1505,[171.]
1506,[158.]
1507,[166.]
1508,[184.]
1509,[165.]
1510,[208.]
1511,[171.]
1512,[159.]
1513,[160.]
1514,[151.]
1515,[115.]
1516,[89.]
1517,[153.]
1518,[151.]
1519,[238.]
1520,[257.]
1521,[154.]
1522,[271.]
1523,[269.]
1524,[141.]
1525,[151.]
1526,[95.]
1527,[153.]
1528,[153.]
1529,[151.]
1530,[159.]
1531,[260.]
1532,[150.]
1533,[150.]
1534,[149.]
1535,[151.]
1536,[152.]
1537,[267.]
1538,[260.]
1539,[270.]
1540,[266.]
1541,[272.]
1542,[260.]
1543,[147.]
1544,[149.]
1545,[266.]
1546,[261.]
1547,[153.]
1548,[150.]
1549,[151.]
1550,[152.]
1551,[150.]
1552,[137.]
1553,[268.]
1554,[151.]
1555,[150.]
1556,[149.]
1557,[150.]
1558,[266.]
1559,[148.]
1560,[146.]
1561,[145.]
1562,[269.]
1563,[164.]
1564,[156.]
1565,[159.]
1566,[160.]
1567,[164.]
1568,[155.]
1569,[155.]
1570,[154.]
1571,[232.]
1572,[147.]
1573,[149.]
1574,[155.]
1575,[153.]
1576,[108.]
1577,[154.]
1578,[157.]
1579,[162.]
1580,[160.]
1581,[161.]
1582,[160.]
1583,[259.]
1584,[162.]
1585,[150.]
1586,[150.]
1587,[141.]
1588,[144.]
1589,[138.]
1590,[133.]
1591,[149.]
1592,[152.]
1593,[188.]
1594,[214.]
1595,[152.]
1596,[161.]
1597,[153.]
1598,[162.]
1599,[244.]
1600,[230.]
1601,[224.]
1602,[153.]
1603,[156.]
1604,[234.]
1605,[150.]
1606,[267.]
1607,[271.]
1608,[148.]
1609,[148.]
1610,[147.]
1611,[142.]
1612,[147.]
1613,[147.]
1614,[149.]
1615,[138.]
1616,[159.]
1617,[26.]
1618,[143.]
1619,[146.]
1620,[148.]
1621,[146.]
1622,[158.]
1623,[165.]
1624,[169.]
1625,[166.]
1626,[162.]
1627,[155.]
1628,[125.]
1629,[153.]
1630,[155.]
1631,[154.]
1632,[152.]
1633,[221.]
1634,[156.]
1635,[64.]
1636,[43.]
1637,[160.]
1638,[267.]
1639,[36.]
1640,[53.]
1641,[263.]
1642,[270.]
1643,[149.]
1644,[148.]
1645,[138.]
1646,[146.]
1647,[148.]
1648,[161.]
1649,[155.]
1650,[196.]
1651,[153.]
1652,[153.]
1653,[163.]
1654,[152.]
1655,[171.]
1656,[153.]
1657,[155.]
1658,[152.]
1659,[153.]
1660,[153.]
1661,[153.]
1662,[155.]
1663,[144.]
1664,[175.]
1665,[144.]
1666,[263.]
1667,[156.]
1668,[154.]
1669,[147.]
1670,[233.]
1671,[143.]
1672,[140.]
1673,[147.]
1674,[145.]
1675,[145.]
1676,[152.]
1677,[151.]
1678,[149.]
1679,[151.]
1680,[150.]
1681,[255.]
1682,[270.]
1683,[250.]
1684,[103.]
1685,[150.]
1686,[148.]
1687,[259.]
1688,[66.]
1689,[262.]
1690,[148.]
1691,[161.]
1692,[83.]
1693,[66.]
1694,[66.]
1695,[157.]
1696,[165.]
1697,[164.]
1698,[40.]
1699,[268.]
1700,[161.]
1701,[163.]
1702,[165.]
1703,[256.]
1704,[150.]
1705,[164.]
1706,[163.]
1707,[30.]
1708,[26.]
1709,[32.]
1710,[163.]
1711,[155.]
1712,[152.]
1713,[152.]
1714,[155.]
1715,[163.]
1716,[43.]
1717,[156.]
1718,[156.]
1719,[154.]
1720,[152.]
1721,[154.]
1722,[268.]
1723,[268.]
1724,[169.]
1725,[196.]
1726,[207.]
1727,[219.]
1728,[204.]
1729,[216.]
1730,[206.]
1731,[202.]
1732,[205.]
1733,[206.]
1734,[210.]
1735,[203.]
1736,[204.]
1737,[208.]
1738,[204.]
1739,[258.]
1740,[196.]
1741,[204.]
1742,[176.]
1743,[269.]
1744,[209.]
1745,[201.]
1746,[204.]
1747,[207.]
1748,[207.]
1749,[273.]
1750,[208.]
1751,[201.]
1752,[203.]
1753,[202.]
1754,[273.]
1755,[204.]
1756,[212.]
1757,[65.]
1758,[64.]
1759,[201.]
1760,[67.]
1761,[69.]
1762,[204.]
1763,[205.]
1764,[79.]
1765,[70.]
1766,[71.]
1767,[71.]
1768,[74.]
1769,[73.]
1770,[69.]
1771,[68.]
1772,[70.]
1773,[68.]
1774,[73.]
1775,[73.]
1776,[71.]
1777,[74.]
1778,[71.]
1779,[73.]
1780,[76.]
1781,[71.]
1782,[70.]
1783,[70.]
1784,[64.]
1785,[68.]
1786,[69.]
1787,[69.]
1788,[69.]
1789,[66.]
1790,[77.]
1791,[73.]
1792,[75.]
1793,[77.]
1794,[77.]
1795,[81.]
1796,[271.]
1797,[81.]
1798,[78.]
1799,[80.]
1800,[76.]
1801,[76.]
1802,[82.]
1803,[79.]
1804,[78.]
1805,[79.]
1806,[85.]
1807,[89.]
1808,[82.]
1809,[81.]
1810,[78.]
1811,[77.]
1812,[78.]
1813,[73.]
1814,[74.]
1815,[71.]
1816,[70.]
1817,[265.]
1818,[245.]
1819,[73.]
1820,[74.]
1821,[75.]
1822,[75.]
1823,[71.]
1824,[67.]
1825,[272.]
1826,[72.]
1827,[74.]
1828,[74.]
1829,[75.]
1830,[75.]
1831,[76.]
1832,[76.]
1833,[75.]
1834,[76.]
1835,[75.]
1836,[73.]
1837,[76.]
1838,[74.]
1839,[76.]
1840,[265.]
1841,[74.]
1842,[270.]
1843,[80.]
1844,[72.]
1845,[71.]
1846,[71.]
1847,[73.]
1848,[73.]
1849,[75.]
1850,[73.]
1851,[68.]
1852,[68.]
1853,[72.]
1854,[70.]
1855,[265.]
1856,[261.]
1857,[68.]
1858,[263.]
1859,[264.]
1860,[72.]
1861,[72.]
1862,[68.]
1863,[70.]
1864,[71.]
1865,[72.]
1866,[70.]
1867,[74.]
1868,[70.]
1869,[74.]
1870,[74.]
1871,[74.]
1872,[75.]
1873,[71.]
1874,[77.]
1875,[72.]
1876,[75.]
1877,[77.]
1878,[71.]
1879,[283.]
1880,[203.]
1881,[199.]
1882,[200.]
1883,[198.]
1884,[198.]
1885,[200.]
1886,[197.]
1887,[205.]
1888,[198.]
1889,[200.]
1890,[198.]
1891,[206.]
1892,[272.]
1893,[215.]
1894,[198.]
1895,[254.]
1896,[257.]
1897,[203.]
1898,[200.]
1899,[197.]
1900,[201.]
1901,[204.]
1902,[204.]
1903,[210.]
1904,[204.]
1905,[200.]
1906,[201.]
1907,[199.]
1908,[202.]
1909,[207.]
1910,[203.]
1911,[200.]
1912,[75.]
1913,[73.]
1914,[197.]
1915,[201.]
1916,[203.]
1917,[202.]
1918,[199.]
1919,[204.]
1920,[203.]
1921,[201.]
1922,[68.]
1923,[68.]
1924,[69.]
1925,[70.]
1926,[76.]
1927,[200.]
1928,[75.]
1929,[62.]
1930,[256.]
1931,[200.]
1932,[219.]
1933,[199.]
1934,[199.]
1935,[201.]
1936,[204.]
1937,[268.]
1938,[267.]
1939,[199.]
1940,[210.]
1941,[270.]
1942,[210.]
1943,[209.]
1944,[267.]
1945,[70.]
1946,[65.]
1947,[65.]
1948,[258.]
1949,[217.]
1950,[236.]
1951,[239.]
1952,[63.]
1953,[232.]
1954,[69.]
1955,[68.]
1956,[68.]
1957,[69.]
1958,[67.]
1959,[70.]
1960,[265.]
1961,[260.]
1962,[240.]
1963,[234.]
1964,[266.]
1965,[237.]
1966,[76.]
1967,[73.]
1968,[242.]
1969,[229.]
1970,[240.]
1971,[241.]
1972,[239.]
1973,[249.]
1974,[233.]
1975,[242.]
1976,[222.]
1977,[229.]
1978,[235.]
1979,[234.]
1980,[230.]
1981,[213.]
1982,[225.]
1983,[213.]
1984,[203.]
1985,[217.]
1986,[206.]
1987,[229.]
1988,[222.]
1989,[233.]
1990,[210.]
1991,[214.]
1992,[213.]
1993,[212.]
1994,[211.]
1995,[213.]
1996,[217.]
1997,[225.]
1998,[220.]
1999,[217.]
2000,[211.]
2001,[214.]
2002,[221.]
2003,[230.]
2004,[213.]
2005,[215.]
2006,[228.]
2007,[217.]
2008,[234.]
2009,[229.]
2010,[231.]
2011,[229.]
2012,[226.]
2013,[228.]
2014,[232.]
2015,[231.]
2016,[233.]
2017,[239.]
2018,[207.]
2019,[232.]
2020,[211.]
2021,[209.]
2022,[212.]
2023,[211.]
2024,[215.]
2025,[218.]
2026,[266.]
2027,[267.]
2028,[262.]
2029,[235.]
2030,[67.]
2031,[69.]
2032,[69.]
2033,[70.]
2034,[68.]
2035,[69.]
2036,[69.]
2037,[68.]
2038,[68.]
2039,[71.]
2040,[69.]
2041,[70.]
2042,[71.]
2043,[73.]
2044,[71.]
2045,[72.]
2046,[70.]
2047,[68.]
2048,[70.]
2049,[197.]
2050,[198.]
2051,[198.]
2052,[197.]
2053,[200.]
2054,[71.]
2055,[73.]
2056,[72.]
2057,[278.]
2058,[269.]
2059,[197.]
2060,[262.]
2061,[207.]
2062,[264.]
2063,[218.]
2064,[201.]
2065,[194.]
2066,[183.]
2067,[199.]
2068,[201.]
2069,[196.]
2070,[99.]
2071,[129.]
2072,[137.]
2073,[172.]
2074,[141.]
2075,[273.]
2076,[194.]
2077,[196.]
2078,[219.]
2079,[196.]
2080,[209.]
2081,[196.]
2082,[200.]
2083,[227.]
2084,[231.]
2085,[144.]
2086,[230.]
2087,[230.]
2088,[231.]
2089,[227.]
2090,[240.]
2091,[264.]
2092,[233.]
2093,[260.]
2094,[259.]
2095,[246.]
2096,[241.]
2097,[231.]
2098,[224.]
2099,[237.]
2100,[264.]
2101,[234.]
2102,[248.]
2103,[232.]
2104,[264.]
2105,[165.]
2106,[232.]
2107,[235.]
2108,[235.]
2109,[260.]
2110,[231.]
2111,[231.]
2112,[246.]
2113,[253.]
2114,[248.]
2115,[208.]
2116,[212.]
2117,[233.]
2118,[250.]
2119,[230.]
2120,[160.]
2121,[222.]
2122,[156.]
2123,[149.]
2124,[147.]
2125,[151.]
2126,[113.]
2127,[155.]
2128,[259.]
2129,[219.]
2130,[179.]
2131,[164.]
2132,[151.]
2133,[273.]
2134,[271.]
2135,[163.]
2136,[161.]
2137,[92.]
2138,[299.]
2139,[307.]
2140,[307.]
2141,[293.]
2142,[298.]
2143,[198.]
2144,[178.]
2145,[137.]
2146,[237.]
2147,[235.]
2148,[235.]
2149,[94.]
2150,[163.]
2151,[152.]
2152,[151.]
2153,[196.]
2154,[193.]
2155,[256.]
2156,[236.]
2157,[251.]
2158,[263.]
2159,[20.]
2160,[22.]
2161,[263.]
2162,[264.]
2163,[153.]
2164,[157.]
2165,[90.]
2166,[131.]
2167,[183.]
2168,[87.]
2169,[165.]
2170,[181.]
2171,[95.]
2172,[280.]
2173,[234.]
2174,[292.]
2175,[237.]
2176,[232.]
2177,[239.]
2178,[234.]
2179,[247.]
2180,[235.]
2181,[236.]
2182,[237.]
2183,[235.]
2184,[48.]
2185,[193.]
2186,[182.]
2187,[179.]
2188,[190.]
2189,[198.]
2190,[196.]
2191,[201.]
2192,[210.]
2193,[217.]
2194,[210.]
2195,[212.]
2196,[217.]
2197,[214.]
2198,[236.]
2199,[233.]
2200,[233.]
2201,[225.]
2202,[214.]
2203,[214.]
2204,[211.]
2205,[152.]
2206,[212.]
2207,[212.]
2208,[214.]
2209,[212.]
2210,[268.]
2211,[125.]
2212,[209.]
2213,[274.]
2214,[243.]
2215,[213.]
2216,[211.]
2217,[220.]
2218,[218.]
2219,[226.]
2220,[216.]
2221,[219.]
2222,[211.]
2223,[213.]
2224,[209.]
2225,[215.]
2226,[211.]
2227,[213.]
2228,[211.]
2229,[210.]
2230,[120.]
2231,[208.]
2232,[217.]
2233,[86.]
2234,[233.]
2235,[244.]
2236,[212.]
2237,[212.]
2238,[212.]
2239,[213.]
2240,[213.]
2241,[215.]
2242,[215.]
2243,[224.]
2244,[231.]
2245,[214.]
2246,[215.]
2247,[211.]
2248,[214.]
2249,[215.]
2250,[212.]
2251,[213.]
2252,[215.]
2253,[213.]
2254,[215.]
2255,[215.]
2256,[220.]
2257,[213.]
2258,[213.]
2259,[214.]
2260,[222.]
2261,[221.]
2262,[213.]
2263,[230.]
2264,[211.]
2265,[231.]
2266,[229.]
2267,[284.]
2268,[281.]
2269,[219.]
2270,[280.]
2271,[280.]
2272,[273.]
2273,[273.]
2274,[276.]
2275,[275.]
2276,[271.]
2277,[270.]
2278,[275.]
2279,[272.]
2280,[277.]
2281,[275.]
2282,[268.]
2283,[265.]
2284,[267.]
2285,[270.]
2286,[266.]
2287,[236.]
2288,[242.]
2289,[241.]
2290,[242.]
2291,[238.]
2292,[235.]
2293,[242.]
2294,[239.]
2295,[237.]
2296,[240.]
2297,[238.]
2298,[232.]
2299,[238.]
2300,[245.]
2301,[232.]
2302,[235.]
2303,[236.]
2304,[231.]
2305,[231.]
2306,[231.]
2307,[234.]
2308,[237.]
2309,[243.]
2310,[237.]
2311,[227.]
2312,[234.]
2313,[230.]
2314,[220.]
2315,[232.]
2316,[228.]
2317,[235.]
2318,[231.]
2319,[237.]
2320,[233.]
2321,[234.]
2322,[234.]
2323,[65.]
2324,[25.]
2325,[26.]
2326,[64.]
2327,[65.]
2328,[66.]
2329,[65.]
2330,[66.]
2331,[64.]
2332,[64.]
2333,[66.]
2334,[65.]
2335,[65.]
2336,[64.]
2337,[65.]
2338,[64.]
2339,[65.]
2340,[66.]
2341,[65.]
2342,[66.]
2343,[62.]
2344,[66.]
2345,[67.]
2346,[64.]
2347,[67.]
2348,[67.]
2349,[67.]
2350,[68.]
2351,[291.]
2352,[272.]
2353,[257.]
2354,[66.]
2355,[65.]
2356,[62.]
2357,[66.]
2358,[66.]
2359,[67.]
2360,[66.]
2361,[71.]
2362,[68.]
2363,[65.]
2364,[70.]
2365,[72.]
2366,[70.]
2367,[72.]
2368,[70.]
2369,[71.]
2370,[70.]
2371,[68.]
2372,[70.]
2373,[69.]
2374,[66.]
2375,[68.]
2376,[70.]
2377,[71.]
2378,[53.]
2379,[271.]
2380,[70.]
2381,[69.]
2382,[71.]
2383,[70.]
2384,[70.]
2385,[67.]
2386,[70.]
2387,[67.]
2388,[68.]
2389,[71.]
2390,[71.]
2391,[72.]
2392,[68.]
2393,[245.]
2394,[232.]
2395,[57.]
2396,[70.]
2397,[71.]
2398,[69.]
2399,[72.]
2400,[70.]
2401,[69.]
2402,[71.]
2403,[69.]
2404,[72.]
2405,[267.]
2406,[72.]
2407,[271.]
2408,[73.]
2409,[69.]
2410,[68.]
2411,[71.]
2412,[71.]
2413,[70.]
2414,[272.]
2415,[71.]
2416,[77.]
2417,[232.]
2418,[231.]
2419,[230.]
2420,[236.]
2421,[239.]
2422,[250.]
2423,[69.]
2424,[70.]
2425,[238.]
2426,[232.]
2427,[232.]
2428,[302.]
2429,[308.]
2430,[287.]
2431,[272.]
2432,[272.]
2433,[260.]
2434,[242.]
2435,[280.]
2436,[277.]
2437,[256.]
2438,[239.]
2439,[237.]
2440,[232.]
2441,[231.]
2442,[36.]
2443,[34.]
2444,[266.]
2445,[270.]
2446,[268.]
2447,[72.]
2448,[69.]
2449,[69.]
2450,[69.]
2451,[68.]
2452,[69.]
2453,[68.]
2454,[70.]
2455,[68.]
2456,[70.]
2457,[65.]
2458,[71.]
2459,[67.]
2460,[266.]
2461,[70.]
2462,[69.]
2463,[70.]
2464,[72.]
2465,[274.]
2466,[274.]
2467,[78.]
2468,[43.]
2469,[262.]
2470,[267.]
2471,[255.]
2472,[223.]
2473,[261.]
2474,[66.]
2475,[66.]
2476,[71.]
2477,[71.]
2478,[71.]
2479,[70.]
2480,[269.]
2481,[271.]
2482,[286.]
2483,[281.]
2484,[233.]
2485,[281.]
2486,[233.]
2487,[270.]
2488,[249.]
2489,[214.]
2490,[253.]
2491,[268.]
2492,[202.]
2493,[202.]
2494,[201.]
2495,[203.]
2496,[205.]
2497,[199.]
2498,[202.]
2499,[203.]
2500,[209.]
2501,[209.]
2502,[227.]
2503,[209.]
2504,[205.]
2505,[204.]
2506,[207.]
2507,[208.]
2508,[71.]
2509,[71.]
2510,[209.]
2511,[207.]
2512,[205.]
2513,[213.]
2514,[211.]
2515,[212.]
2516,[210.]
2517,[208.]
2518,[270.]
2519,[204.]
2520,[259.]
2521,[219.]
2522,[277.]
2523,[268.]
2524,[271.]
2525,[266.]
2526,[274.]
2527,[231.]
2528,[247.]
2529,[27.]
2530,[24.]
2531,[329.]
2532,[260.]
2533,[327.]
2534,[323.]
2535,[327.]
2536,[327.]
2537,[281.]
2538,[325.]
2539,[330.]
2540,[326.]
2541,[328.]
2542,[327.]
2543,[288.]
2544,[323.]
2545,[329.]
2546,[328.]
2547,[334.]
2548,[332.]
2549,[331.]
2550,[332.]
2551,[283.]
2552,[331.]
2553,[338.]
2554,[277.]
2555,[334.]
2556,[340.]
2557,[337.]
2558,[339.]
2559,[339.]
2560,[341.]
2561,[346.]
2562,[14.]
2563,[334.]
2564,[331.]
2565,[350.]
2566,[337.]
2567,[335.]
2568,[336.]
2569,[335.]
2570,[320.]
2571,[258.]
2572,[268.]
2573,[294.]
2574,[263.]
2575,[333.]
2576,[337.]
2577,[338.]
2578,[346.]
2579,[346.]
2580,[337.]
2581,[337.]
2582,[341.]
2583,[359.]
2584,[336.]
2585,[28.]
2586,[336.]
2587,[277.]
2588,[333.]
2589,[329.]
2590,[330.]
2591,[334.]
2592,[335.]
2593,[334.]
2594,[316.]
2595,[286.]
2596,[316.]
2597,[276.]
2598,[324.]
2599,[326.]
2600,[327.]
2601,[326.]
2602,[319.]
2603,[298.]
2604,[274.]
2605,[28.]
2606,[311.]
2607,[29.]
2608,[32.]
2609,[261.]
2610,[297.]
2611,[270.]
2612,[250.]
2613,[287.]
2614,[290.]
2615,[274.]
2616,[333.]
2617,[330.]
2618,[342.]
2619,[332.]
2620,[355.]
2621,[256.]
2622,[240.]
2623,[238.]
2624,[236.]
2625,[242.]
2626,[239.]
2627,[240.]
2628,[240.]
2629,[241.]
2630,[234.]
2631,[238.]
2632,[252.]
2633,[234.]
2634,[239.]
2635,[240.]
2636,[272.]
2637,[259.]
2638,[276.]
2639,[162.]
2640,[173.]
2641,[255.]
2642,[218.]
2643,[229.]
2644,[232.]
2645,[236.]
2646,[238.]
2647,[228.]
2648,[173.]
2649,[239.]
2650,[237.]
2651,[264.]
2652,[271.]
2653,[256.]
2654,[246.]
2655,[255.]
2656,[266.]
2657,[244.]
2658,[240.]
2659,[240.]
2660,[249.]
2661,[248.]
2662,[169.]
2663,[242.]
2664,[264.]
2665,[269.]
2666,[241.]
2667,[239.]
2668,[243.]
2669,[264.]
2670,[259.]
2671,[268.]
2672,[277.]
2673,[259.]
2674,[274.]
2675,[165.]
2676,[271.]
2677,[64.]
2678,[164.]
2679,[204.]
2680,[166.]
2681,[205.]
2682,[205.]
2683,[206.]
2684,[210.]
2685,[210.]
2686,[208.]
2687,[207.]
2688,[214.]
2689,[208.]
2690,[236.]
2691,[215.]
2692,[329.]
2693,[319.]
2694,[267.]
2695,[268.]
2696,[214.]
2697,[216.]
2698,[272.]
2699,[210.]
2700,[212.]
2701,[222.]
2702,[215.]
2703,[216.]
2704,[266.]
2705,[283.]
2706,[278.]
2707,[174.]
2708,[169.]
2709,[166.]
2710,[186.]
2711,[172.]
2712,[186.]
2713,[267.]
2714,[267.]
2715,[274.]
2716,[205.]
2717,[215.]
2718,[211.]
2719,[206.]
2720,[216.]
2721,[228.]
2722,[222.]
2723,[214.]
2724,[209.]
2725,[206.]
2726,[200.]
2727,[208.]
2728,[210.]
2729,[224.]
2730,[216.]
2731,[234.]
2732,[207.]
2733,[206.]
2734,[208.]
2735,[209.]
2736,[205.]
2737,[213.]
2738,[229.]
2739,[216.]
2740,[209.]
2741,[219.]
2742,[224.]
2743,[209.]
2744,[205.]
2745,[206.]
2746,[160.]
2747,[172.]
2748,[161.]
2749,[173.]
2750,[172.]
2751,[217.]
2752,[171.]
2753,[155.]
2754,[159.]
2755,[154.]
2756,[153.]
2757,[212.]
2758,[154.]
2759,[226.]
2760,[208.]
2761,[209.]
2762,[333.]
2763,[204.]
2764,[208.]
2765,[73.]
2766,[199.]
2767,[158.]
2768,[213.]
2769,[222.]
2770,[72.]
2771,[69.]
2772,[268.]
2773,[207.]
2774,[206.]
2775,[208.]
2776,[229.]
2777,[237.]
2778,[239.]
2779,[237.]
2780,[235.]
2781,[235.]
2782,[235.]
2783,[234.]
2784,[238.]
2785,[235.]
2786,[236.]
2787,[260.]
2788,[239.]
2789,[255.]
2790,[271.]
2791,[172.]
2792,[225.]
2793,[232.]
2794,[237.]
2795,[232.]
2796,[233.]
2797,[212.]
2798,[234.]
2799,[229.]
2800,[222.]
2801,[231.]
2802,[235.]
2803,[210.]
2804,[229.]
2805,[262.]
2806,[266.]
2807,[251.]
2808,[226.]
2809,[231.]
2810,[237.]
2811,[230.]
2812,[220.]
2813,[238.]
2814,[233.]
2815,[234.]
2816,[238.]
2817,[237.]
2818,[265.]
2819,[260.]
2820,[239.]
2821,[264.]
2822,[158.]
2823,[150.]
2824,[263.]
2825,[268.]
2826,[255.]
2827,[145.]
2828,[143.]
2829,[133.]
2830,[142.]
2831,[139.]
2832,[135.]
2833,[120.]
2834,[148.]
2835,[133.]
2836,[244.]
2837,[241.]
2838,[269.]
2839,[261.]
2840,[242.]
2841,[243.]
2842,[238.]
2843,[239.]
2844,[241.]
2845,[241.]
2846,[242.]
2847,[243.]
2848,[241.]
2849,[143.]
2850,[142.]
2851,[46.]
2852,[55.]
2853,[57.]
2854,[59.]
2855,[59.]
2856,[133.]
2857,[237.]
2858,[242.]
2859,[144.]
2860,[102.]
2861,[56.]
2862,[327.]
2863,[323.]
2864,[242.]
2865,[149.]
2866,[148.]
2867,[145.]
2868,[114.]
2869,[228.]
2870,[145.]
2871,[147.]
2872,[147.]
2873,[148.]
2874,[174.]
2875,[160.]
2876,[159.]
2877,[267.]
2878,[49.]
2879,[51.]
2880,[48.]
2881,[49.]
2882,[48.]
2883,[50.]
2884,[206.]
2885,[202.]
2886,[194.]
2887,[151.]
2888,[157.]
2889,[198.]
2890,[202.]
2891,[216.]
2892,[262.]
2893,[269.]
2894,[50.]
2895,[53.]
2896,[51.]
2897,[58.]
2898,[57.]
2899,[57.]
2900,[55.]
2901,[56.]
2902,[50.]
2903,[51.]
2904,[50.]
2905,[52.]
2906,[48.]
2907,[45.]
2908,[46.]
2909,[272.]
2910,[264.]
2911,[102.]
2912,[42.]
2913,[44.]
2914,[47.]
2915,[48.]
2916,[56.]
2917,[56.]
2918,[61.]
2919,[58.]
2920,[79.]
2921,[66.]
2922,[58.]
2923,[56.]
2924,[58.]
2925,[65.]
2926,[59.]
2927,[54.]
2928,[58.]
2929,[58.]
2930,[57.]
2931,[58.]
2932,[60.]
2933,[60.]
2934,[58.]
2935,[59.]
2936,[56.]
2937,[108.]
2938,[238.]
2939,[177.]
2940,[20.]
2941,[275.]
2942,[273.]
2943,[256.]
2944,[272.]
2945,[155.]
2946,[271.]
2947,[231.]
2948,[231.]
2949,[234.]
2950,[233.]
2951,[232.]
2952,[233.]
2953,[290.]
2954,[152.]
2955,[162.]
2956,[168.]
2957,[158.]
2958,[159.]
2959,[160.]
2960,[160.]
2961,[157.]
2962,[156.]
2963,[154.]
2964,[154.]
2965,[152.]
2966,[155.]
2967,[155.]
2968,[157.]
2969,[159.]
2970,[156.]
2971,[157.]
2972,[154.]
2973,[155.]
2974,[157.]
2975,[151.]
2976,[146.]
2977,[145.]
2978,[156.]
2979,[209.]
2980,[148.]
2981,[150.]
2982,[148.]
2983,[154.]
2984,[155.]
2985,[150.]
2986,[153.]
2987,[163.]
2988,[165.]
2989,[164.]
2990,[152.]
2991,[148.]
2992,[149.]
2993,[178.]
2994,[172.]
2995,[161.]
2996,[156.]
2997,[140.]
2998,[152.]
2999,[160.]
3000,[159.]
3001,[155.]
3002,[152.]
3003,[154.]
3004,[151.]
3005,[161.]
3006,[206.]
3007,[224.]
3008,[223.]
3009,[205.]
3010,[235.]
3011,[231.]
3012,[235.]
3013,[46.]
3014,[232.]
3015,[222.]
3016,[237.]
3017,[237.]
3018,[237.]
3019,[240.]
3020,[237.]
3021,[244.]
3022,[237.]
3023,[237.]
3024,[245.]
3025,[240.]
3026,[235.]
3027,[236.]
3028,[231.]
3029,[233.]
3030,[240.]
3031,[232.]
3032,[229.]
3033,[233.]
3034,[234.]
3035,[248.]
3036,[182.]
3037,[263.]
3038,[233.]
3039,[168.]
3040,[169.]
3041,[238.]
3042,[233.]
3043,[153.]
3044,[235.]
3045,[237.]
3046,[236.]
3047,[238.]
3048,[236.]
3049,[237.]
3050,[251.]
3051,[235.]
3052,[227.]
3053,[214.]
3054,[247.]
3055,[270.]
3056,[242.]
3057,[243.]
3058,[244.]
3059,[246.]
3060,[161.]
3061,[162.]
3062,[88.]
3063,[165.]
3064,[247.]
3065,[152.]
3066,[174.]
3067,[148.]
3068,[147.]
3069,[272.]
3070,[147.]
3071,[146.]
3072,[147.]
3073,[146.]
3074,[148.]
3075,[148.]
3076,[267.]
3077,[263.]
3078,[273.]
3079,[266.]
3080,[147.]
3081,[156.]
3082,[155.]
3083,[154.]
3084,[256.]
3085,[241.]
3086,[160.]
3087,[266.]
3088,[120.]
3089,[155.]
3090,[98.]
3091,[149.]
3092,[148.]
3093,[158.]
3094,[185.]
3095,[217.]
3096,[275.]
3097,[266.]
3098,[137.]
3099,[148.]
3100,[149.]
3101,[152.]
3102,[151.]
3103,[151.]
3104,[152.]
3105,[225.]
3106,[271.]
3107,[264.]
3108,[105.]
3109,[116.]
3110,[153.]
3111,[169.]
3112,[255.]
3113,[180.]
3114,[264.]
3115,[174.]
3116,[164.]
3117,[193.]
3118,[164.]
3119,[154.]
3120,[157.]
3121,[146.]
3122,[265.]
3123,[133.]
3124,[218.]
3125,[201.]
3126,[265.]
3127,[147.]
3128,[177.]
3129,[167.]
3130,[157.]
3131,[276.]
3132,[143.]
3133,[166.]
3134,[164.]
3135,[172.]
3136,[194.]
3137,[108.]
3138,[160.]
3139,[164.]
3140,[167.]
3141,[162.]
3142,[173.]
3143,[208.]
3144,[247.]
3145,[216.]
3146,[216.]
3147,[169.]
3148,[168.]
3149,[158.]
3150,[158.]
3151,[156.]
3152,[156.]
3153,[89.]
3154,[154.]
3155,[156.]
3156,[153.]
3157,[44.]
3158,[156.]
3159,[157.]
3160,[156.]
3161,[159.]
3162,[164.]
3163,[269.]
3164,[271.]
3165,[241.]
3166,[78.]
3167,[76.]
3168,[83.]
3169,[80.]
3170,[74.]
3171,[77.]
3172,[279.]
3173,[258.]
3174,[256.]
3175,[263.]
3176,[282.]
3177,[267.]
3178,[208.]
3179,[202.]
3180,[209.]
3181,[209.]
3182,[207.]
3183,[206.]
3184,[205.]
3185,[213.]
3186,[207.]
3187,[209.]
3188,[208.]
3189,[269.]
3190,[292.]
3191,[214.]
3192,[213.]
3193,[212.]
3194,[214.]
3195,[49.]
3196,[209.]
3197,[212.]
3198,[225.]
3199,[218.]
3200,[312.]
3201,[319.]
3202,[216.]
3203,[319.]
3204,[327.]
3205,[218.]
3206,[222.]
3207,[214.]
3208,[300.]
3209,[212.]
3210,[230.]
3211,[219.]
3212,[208.]
3213,[208.]
3214,[200.]
3215,[201.]
3216,[173.]
3217,[195.]
3218,[200.]
3219,[201.]
3220,[227.]
3221,[207.]
3222,[224.]
3223,[221.]
3224,[251.]
3225,[201.]
3226,[204.]
3227,[201.]
3228,[200.]
3229,[161.]
3230,[163.]
3231,[190.]
3232,[162.]
3233,[210.]
3234,[204.]
3235,[208.]
3236,[239.]
3237,[233.]
3238,[215.]
3239,[213.]
3240,[219.]
3241,[205.]
3242,[211.]
3243,[216.]
3244,[223.]
3245,[265.]
3246,[210.]
3247,[208.]
3248,[206.]
3249,[262.]
3250,[269.]
3251,[258.]
3252,[235.]
3253,[206.]
3254,[208.]
3255,[214.]
3256,[205.]
3257,[211.]
3258,[226.]
3259,[221.]
3260,[34.]
3261,[204.]
3262,[225.]
3263,[204.]
3264,[207.]
3265,[212.]
3266,[208.]
3267,[242.]
3268,[235.]
3269,[72.]
3270,[74.]
3271,[236.]
3272,[233.]
3273,[233.]
3274,[235.]
3275,[231.]
3276,[237.]
3277,[242.]
3278,[237.]
3279,[237.]
3280,[237.]
3281,[234.]
3282,[235.]
3283,[238.]
3284,[233.]
3285,[234.]
3286,[234.]
3287,[238.]
3288,[38.]
3289,[233.]
3290,[298.]
3291,[268.]
3292,[257.]
3293,[265.]
3294,[281.]
3295,[280.]
3296,[210.]
3297,[225.]
3298,[233.]
3299,[231.]
3300,[27.]
3301,[241.]
3302,[281.]
3303,[283.]
3304,[231.]
3305,[231.]
3306,[228.]
3307,[235.]
3308,[232.]
3309,[232.]
3310,[233.]
3311,[231.]
3312,[228.]
3313,[232.]
3314,[235.]
3315,[235.]
3316,[233.]
3317,[237.]
3318,[33.]
3319,[259.]
3320,[233.]
3321,[233.]
3322,[235.]
3323,[230.]
3324,[233.]
3325,[227.]
3326,[232.]
3327,[44.]
3328,[234.]
3329,[230.]
3330,[259.]
3331,[233.]
3332,[230.]
3333,[267.]
3334,[260.]
3335,[235.]
3336,[237.]
3337,[237.]
3338,[233.]
3339,[232.]
3340,[231.]
3341,[234.]
3342,[243.]
3343,[234.]
3344,[233.]
3345,[260.]
3346,[237.]
3347,[233.]
3348,[232.]
3349,[230.]
3350,[233.]
3351,[232.]
3352,[236.]
3353,[235.]
3354,[231.]
3355,[232.]
3356,[235.]
3357,[243.]
3358,[262.]
3359,[260.]
3360,[202.]
3361,[182.]
3362,[225.]
3363,[256.]
3364,[258.]
3365,[233.]
3366,[218.]
3367,[229.]
3368,[150.]
3369,[150.]
3370,[228.]
3371,[229.]
3372,[231.]
3373,[231.]
3374,[231.]
3375,[233.]
3376,[232.]
3377,[228.]
3378,[228.]
3379,[256.]
3380,[247.]
3381,[155.]
3382,[229.]
3383,[233.]
3384,[237.]
3385,[252.]
3386,[242.]
3387,[236.]
3388,[250.]
3389,[248.]
3390,[246.]
3391,[227.]
3392,[226.]
3393,[161.]
3394,[159.]
3395,[257.]
3396,[235.]
3397,[235.]
3398,[234.]
3399,[228.]
3400,[225.]
3401,[228.]
3402,[228.]
3403,[223.]
3404,[181.]
3405,[192.]
3406,[203.]
3407,[187.]
3408,[168.]
3409,[211.]
3410,[208.]
3411,[204.]
3412,[210.]
3413,[267.]
3414,[208.]
3415,[205.]
3416,[209.]
3417,[204.]
3418,[205.]
3419,[206.]
3420,[209.]
3421,[208.]
3422,[209.]
3423,[207.]
3424,[208.]
3425,[211.]
3426,[262.]
3427,[213.]
3428,[209.]
3429,[211.]
3430,[234.]
3431,[218.]
3432,[235.]
3433,[208.]
3434,[208.]
3435,[208.]
3436,[211.]
3437,[211.]
3438,[214.]
3439,[213.]
3440,[218.]
3441,[216.]
3442,[220.]
3443,[232.]
3444,[246.]
3445,[154.]
3446,[158.]
3447,[210.]
3448,[209.]
3449,[206.]
3450,[204.]
3451,[199.]
3452,[198.]
3453,[205.]
3454,[271.]
3455,[269.]
3456,[157.]
3457,[199.]
3458,[169.]
3459,[200.]
3460,[167.]
3461,[159.]
3462,[286.]
3463,[163.]
3464,[161.]
3465,[178.]
3466,[273.]
3467,[271.]
3468,[272.]
3469,[174.]
3470,[173.]
3471,[162.]
3472,[161.]
3473,[163.]
3474,[164.]
3475,[210.]
3476,[171.]
3477,[266.]
3478,[270.]
3479,[264.]
3480,[266.]
3481,[23.]
3482,[16.]
3483,[188.]
3484,[164.]
3485,[158.]
3486,[155.]
3487,[154.]
3488,[158.]
3489,[154.]
3490,[155.]
3491,[159.]
3492,[166.]
3493,[274.]
3494,[163.]
3495,[158.]
3496,[164.]
3497,[155.]
3498,[152.]
3499,[176.]
3500,[154.]
3501,[152.]
3502,[157.]
3503,[262.]
3504,[161.]
3505,[170.]
3506,[127.]
3507,[147.]
3508,[157.]
3509,[198.]
3510,[230.]
3511,[144.]
3512,[159.]
3513,[248.]
3514,[159.]
3515,[153.]
3516,[154.]
3517,[81.]
3518,[260.]
3519,[158.]
3520,[80.]
3521,[160.]
3522,[159.]
3523,[29.]
3524,[155.]
3525,[151.]
3526,[156.]
3527,[163.]
3528,[153.]
3529,[200.]
3530,[152.]
3531,[263.]
3532,[169.]
3533,[230.]
3534,[73.]
3535,[160.]
3536,[164.]
3537,[171.]
3538,[225.]
3539,[152.]
3540,[243.]
3541,[149.]
3542,[162.]
3543,[156.]
3544,[151.]
3545,[150.]
3546,[298.]
3547,[160.]
3548,[304.]
3549,[149.]
3550,[154.]
3551,[153.]
3552,[312.]
3553,[160.]
3554,[164.]
3555,[261.]
3556,[170.]
3557,[170.]
3558,[286.]
3559,[169.]
3560,[174.]
3561,[271.]
3562,[274.]
3563,[164.]
3564,[162.]
3565,[108.]
3566,[290.]
3567,[174.]
3568,[162.]
3569,[158.]
3570,[153.]
3571,[281.]
3572,[159.]
3573,[159.]
3574,[301.]
3575,[235.]
3576,[226.]
3577,[272.]
3578,[272.]
3579,[146.]
3580,[274.]
3581,[152.]
3582,[210.]
3583,[154.]
3584,[147.]
3585,[270.]
3586,[149.]
3587,[146.]
3588,[152.]
3589,[266.]
3590,[146.]
3591,[152.]
3592,[163.]
3593,[158.]
3594,[257.]
3595,[261.]
3596,[27.]
3597,[153.]
3598,[154.]
3599,[154.]
3600,[158.]
3601,[160.]
3602,[161.]
3603,[297.]
3604,[269.]
3605,[161.]
3606,[198.]
3607,[200.]
3608,[200.]
3609,[202.]
3610,[200.]
3611,[208.]
3612,[204.]
3613,[205.]
3614,[208.]
3615,[205.]
3616,[206.]
3617,[205.]
3618,[239.]
3619,[209.]
3620,[205.]
3621,[158.]
3622,[203.]
3623,[205.]
3624,[204.]
3625,[36.]
3626,[249.]
3627,[162.]
3628,[207.]
3629,[206.]
3630,[207.]
3631,[207.]
3632,[255.]
3633,[269.]
3634,[262.]
3635,[264.]
3636,[220.]
3637,[150.]
3638,[210.]
3639,[204.]
3640,[146.]
3641,[109.]
3642,[298.]
3643,[138.]
3644,[146.]
3645,[148.]
3646,[160.]
3647,[304.]
3648,[302.]
3649,[289.]
3650,[284.]
3651,[278.]
3652,[274.]
3653,[286.]
3654,[269.]
3655,[39.]
3656,[262.]
3657,[33.]
3658,[37.]
3659,[34.]
3660,[31.]
3661,[34.]
3662,[32.]
3663,[259.]
3664,[284.]
3665,[37.]
3666,[282.]
3667,[310.]
3668,[312.]
3669,[316.]
3670,[329.]
3671,[321.]
3672,[306.]
3673,[298.]
3674,[292.]
3675,[267.]
3676,[300.]
3677,[263.]
3678,[270.]
3679,[262.]
3680,[275.]
3681,[260.]
3682,[267.]
3683,[263.]
3684,[304.]
3685,[269.]
3686,[151.]
3687,[148.]
3688,[265.]
3689,[271.]
3690,[264.]
3691,[271.]
3692,[39.]
3693,[154.]
3694,[154.]
3695,[157.]
3696,[162.]
3697,[281.]
3698,[311.]
3699,[310.]
3700,[307.]
3701,[328.]
3702,[323.]
3703,[306.]
3704,[302.]
3705,[300.]
3706,[294.]
3707,[289.]
3708,[176.]
3709,[169.]
3710,[170.]
3711,[176.]
3712,[274.]
3713,[263.]
3714,[268.]
3715,[269.]
3716,[239.]
3717,[239.]
3718,[281.]
3719,[158.]
3720,[143.]
3721,[145.]
3722,[72.]
3723,[70.]
3724,[68.]
3725,[273.]
3726,[276.]
3727,[301.]
3728,[312.]
3729,[303.]
3730,[290.]
3731,[285.]
3732,[119.]
3733,[98.]
3734,[209.]
3735,[96.]
3736,[217.]
3737,[271.]
3738,[267.]
3739,[272.]
3740,[275.]
3741,[273.]
3742,[270.]
3743,[19.]
3744,[17.]
3745,[30.]
3746,[21.]
3747,[16.]
3748,[217.]
3749,[19.]
3750,[24.]
3751,[27.]
3752,[25.]
3753,[24.]
3754,[273.]
3755,[30.]
3756,[79.]
3757,[81.]
3758,[83.]
3759,[74.]
3760,[231.]
3761,[150.]
3762,[231.]
3763,[266.]
3764,[261.]
3765,[274.]
3766,[240.]
3767,[235.]
3768,[233.]
3769,[235.]
3770,[233.]
3771,[236.]
3772,[249.]
3773,[259.]
3774,[247.]
3775,[235.]
3776,[234.]
3777,[267.]
3778,[227.]
3779,[233.]
3780,[236.]
3781,[299.]
3782,[233.]
3783,[223.]
3784,[223.]
3785,[230.]
3786,[228.]
3787,[228.]
3788,[231.]
3789,[167.]
3790,[81.]
3791,[88.]
3792,[76.]
3793,[73.]
3794,[73.]
3795,[72.]
3796,[67.]
3797,[72.]
3798,[71.]
3799,[71.]
3800,[27.]
3801,[69.]
3802,[69.]
3803,[69.]
3804,[273.]
3805,[275.]
3806,[70.]
3807,[68.]
3808,[70.]
3809,[72.]
3810,[71.]
3811,[69.]
3812,[65.]
3813,[69.]
3814,[199.]
3815,[272.]
3816,[30.]
3817,[35.]
3818,[34.]
3819,[265.]
3820,[278.]
3821,[67.]
3822,[65.]
3823,[69.]
3824,[299.]
3825,[68.]
3826,[71.]
3827,[69.]
3828,[16.]
3829,[327.]
3830,[329.]
3831,[327.]
3832,[72.]
3833,[71.]
3834,[74.]
3835,[62.]
3836,[70.]
3837,[69.]
3838,[69.]
3839,[71.]
3840,[67.]
3841,[66.]
3842,[70.]
3843,[67.]
3844,[71.]
3845,[70.]
3846,[85.]
3847,[78.]
3848,[50.]
3849,[27.]
3850,[35.]
3851,[272.]
3852,[269.]
3853,[35.]
3854,[66.]
3855,[71.]
3856,[75.]
3857,[73.]
3858,[74.]
3859,[73.]
3860,[71.]
3861,[70.]
3862,[74.]
3863,[75.]
3864,[71.]
3865,[75.]
3866,[62.]
3867,[34.]
3868,[36.]
3869,[35.]
3870,[33.]
3871,[34.]
3872,[66.]
3873,[73.]
3874,[74.]
3875,[74.]
3876,[68.]
3877,[73.]
3878,[75.]
3879,[68.]
3880,[59.]
3881,[71.]
3882,[74.]
3883,[69.]
3884,[67.]
3885,[71.]
3886,[58.]
3887,[51.]
3888,[59.]
3889,[58.]
3890,[48.]
3891,[275.]
3892,[72.]
3893,[73.]
3894,[70.]
3895,[74.]
3896,[73.]
3897,[76.]
3898,[66.]
3899,[67.]
3900,[75.]
3901,[59.]
3902,[78.]
3903,[81.]
3904,[80.]
3905,[278.]
3906,[81.]
3907,[78.]
3908,[80.]
3909,[79.]
3910,[76.]
3911,[79.]
3912,[81.]
3913,[68.]
3914,[250.]
3915,[235.]
3916,[249.]
3917,[244.]
3918,[311.]
3919,[245.]
3920,[246.]
3921,[243.]
3922,[242.]
3923,[246.]
3924,[245.]
3925,[245.]
3926,[241.]
3927,[244.]
3928,[244.]
3929,[65.]
3930,[78.]
3931,[189.]
3932,[252.]
3933,[276.]
3934,[317.]
3935,[260.]
3936,[271.]
3937,[274.]
3938,[272.]
3939,[63.]
3940,[64.]
3941,[64.]
3942,[64.]
3943,[62.]
3944,[66.]
3945,[67.]
3946,[64.]
3947,[26.]
3948,[259.]
3949,[16.]
3950,[22.]
3951,[19.]
3952,[65.]
3953,[68.]
3954,[68.]
3955,[70.]
3956,[71.]
3957,[74.]
3958,[74.]
3959,[71.]
3960,[69.]
3961,[72.]
3962,[73.]
3963,[74.]
3964,[74.]
3965,[74.]
3966,[72.]
3967,[74.]
3968,[74.]
3969,[74.]
3970,[310.]
3971,[245.]
3972,[270.]
3973,[270.]
3974,[306.]
3975,[305.]
3976,[232.]
3977,[235.]
3978,[235.]
3979,[300.]
3980,[276.]
3981,[255.]
3982,[252.]
3983,[236.]
3984,[74.]
3985,[76.]
3986,[76.]
3987,[76.]
3988,[75.]
3989,[76.]
3990,[279.]
3991,[287.]
3992,[288.]
3993,[295.]
3994,[305.]
3995,[306.]
3996,[297.]
3997,[271.]
3998,[265.]
3999,[273.]
4000,[237.]
4001,[73.]
4002,[75.]
4003,[75.]
4004,[75.]
4005,[64.]
4006,[38.]
4007,[254.]
4008,[250.]
4009,[254.]
4010,[230.]
4011,[280.]
4012,[272.]
4013,[258.]
4014,[39.]
4015,[195.]
4016,[170.]
4017,[166.]
4018,[163.]
4019,[319.]
4020,[164.]
4021,[198.]
4022,[145.]
4023,[184.]
4024,[228.]
4025,[38.]
4026,[274.]
4027,[274.]
4028,[193.]
4029,[164.]
4030,[158.]
4031,[166.]
4032,[173.]
4033,[163.]
4034,[164.]
4035,[113.]
4036,[221.]
4037,[169.]
4038,[166.]
4039,[164.]
4040,[164.]
4041,[167.]
4042,[165.]
4043,[167.]
4044,[167.]
4045,[166.]
4046,[165.]
4047,[162.]
4048,[79.]
4049,[77.]
4050,[77.]
4051,[84.]
4052,[78.]
4053,[78.]
4054,[80.]
4055,[78.]
4056,[78.]
4057,[77.]
4058,[76.]
4059,[75.]
4060,[157.]
4061,[159.]
4062,[162.]
4063,[74.]
4064,[78.]
4065,[75.]
4066,[73.]
4067,[71.]
4068,[76.]
4069,[77.]
4070,[80.]
4071,[79.]
4072,[78.]
4073,[78.]
4074,[77.]
4075,[76.]
4076,[79.]
4077,[271.]
4078,[278.]
4079,[321.]
4080,[315.]
4081,[159.]
4082,[81.]
4083,[84.]
4084,[164.]
4085,[166.]
4086,[160.]
4087,[166.]
4088,[158.]
4089,[161.]
4090,[160.]
4091,[161.]
4092,[157.]
4093,[162.]
4094,[259.]
4095,[241.]
4096,[78.]
4097,[166.]
4098,[231.]
4099,[238.]
4100,[222.]
4101,[236.]
4102,[235.]
4103,[236.]
4104,[240.]
4105,[65.]
4106,[235.]
4107,[234.]
4108,[236.]
4109,[243.]
4110,[239.]
4111,[240.]
4112,[235.]
4113,[240.]
4114,[266.]
4115,[274.]
4116,[274.]
4117,[277.]
4118,[273.]
4119,[271.]
4120,[182.]
4121,[239.]
4122,[273.]
4123,[239.]
4124,[283.]
4125,[332.]
4126,[338.]
4127,[338.]
4128,[335.]
4129,[251.]
4130,[236.]
4131,[236.]
4132,[242.]
4133,[260.]
4134,[274.]
4135,[254.]
4136,[247.]
4137,[243.]
4138,[246.]
4139,[256.]
4140,[242.]
4141,[270.]
4142,[242.]
4143,[262.]
4144,[274.]
4145,[273.]
4146,[244.]
4147,[64.]
4148,[66.]
4149,[68.]
4150,[237.]
4151,[239.]
4152,[29.]
4153,[248.]
4154,[221.]
4155,[228.]
4156,[225.]
4157,[239.]
4158,[68.]
4159,[69.]
4160,[67.]
4161,[69.]
4162,[70.]
4163,[69.]
4164,[69.]
4165,[19.]
4166,[230.]
4167,[243.]
4168,[235.]
4169,[233.]
4170,[68.]
4171,[70.]
4172,[241.]
4173,[241.]
4174,[70.]
4175,[243.]
4176,[239.]
4177,[236.]
4178,[238.]
4179,[237.]
4180,[235.]
4181,[234.]
4182,[243.]
4183,[236.]
4184,[235.]
4185,[234.]
4186,[230.]
4187,[233.]
4188,[236.]
4189,[234.]
4190,[234.]
4191,[237.]
4192,[236.]
4193,[234.]
4194,[237.]
4195,[263.]
4196,[280.]
4197,[243.]
4198,[237.]
4199,[234.]
4200,[237.]
4201,[248.]
4202,[243.]
4203,[231.]
4204,[232.]
4205,[217.]
4206,[213.]
4207,[168.]
4208,[168.]
4209,[232.]
4210,[220.]
4211,[228.]
4212,[238.]
4213,[271.]
4214,[272.]
4215,[247.]
4216,[244.]
4217,[242.]
4218,[242.]
4219,[238.]
4220,[237.]
4221,[240.]
4222,[234.]
4223,[235.]
4224,[173.]
4225,[178.]
4226,[192.]
4227,[203.]
4228,[192.]
4229,[194.]
4230,[200.]
4231,[201.]
4232,[191.]
4233,[216.]
4234,[211.]
4235,[213.]
4236,[213.]
4237,[215.]
4238,[226.]
4239,[228.]
4240,[225.]
4241,[224.]
4242,[222.]
4243,[230.]
4244,[68.]
4245,[71.]
4246,[70.]
4247,[70.]
4248,[232.]
4249,[68.]
4250,[235.]
4251,[237.]
4252,[239.]
4253,[239.]
4254,[240.]
4255,[235.]
4256,[228.]
4257,[228.]
4258,[240.]
4259,[234.]
4260,[228.]
4261,[231.]
4262,[242.]
4263,[226.]
4264,[318.]
4265,[233.]
4266,[287.]
4267,[203.]
4268,[211.]
4269,[206.]
4270,[203.]
4271,[203.]
4272,[232.]
4273,[212.]
4274,[262.]
4275,[210.]
4276,[254.]
4277,[210.]
4278,[212.]
4279,[210.]
4280,[213.]
4281,[209.]
4282,[207.]
4283,[261.]
4284,[284.]
4285,[292.]
4286,[211.]
4287,[224.]
4288,[219.]
4289,[219.]
4290,[213.]
4291,[214.]
4292,[212.]
4293,[309.]
4294,[212.]
4295,[220.]
4296,[213.]
4297,[278.]
4298,[207.]
4299,[211.]
4300,[206.]
4301,[223.]
4302,[264.]
4303,[255.]
4304,[267.]
4305,[270.]
4306,[210.]
4307,[211.]
4308,[238.]
4309,[239.]
4310,[222.]
4311,[220.]
4312,[204.]
4313,[207.]
4314,[207.]
4315,[210.]
4316,[225.]
4317,[205.]
4318,[207.]
4319,[205.]
4320,[202.]
4321,[70.]
4322,[204.]
4323,[205.]
4324,[211.]
4325,[69.]
4326,[71.]
4327,[68.]
4328,[203.]
4329,[206.]
4330,[29.]
4331,[203.]
4332,[201.]
4333,[203.]
4334,[202.]
4335,[203.]
4336,[202.]
4337,[202.]
4338,[205.]
4339,[210.]
4340,[203.]
4341,[202.]
4342,[204.]
4343,[202.]
4344,[203.]
4345,[208.]
4346,[202.]
4347,[202.]
4348,[202.]
4349,[203.]
4350,[210.]
4351,[69.]
4352,[69.]
4353,[71.]
4354,[70.]
4355,[75.]
4356,[201.]
4357,[190.]
4358,[201.]
4359,[206.]
4360,[209.]
4361,[201.]
4362,[197.]
4363,[205.]
4364,[210.]
4365,[238.]
4366,[57.]
4367,[59.]
4368,[171.]
4369,[176.]
4370,[204.]
4371,[174.]
4372,[176.]
4373,[175.]
4374,[62.]
4375,[59.]
4376,[62.]
4377,[64.]
4378,[67.]
4379,[69.]
4380,[67.]
4381,[65.]
4382,[66.]
4383,[67.]
4384,[73.]
4385,[66.]
4386,[65.]
4387,[65.]
4388,[62.]
4389,[67.]
4390,[66.]
4391,[66.]
4392,[70.]
4393,[271.]
4394,[161.]
4395,[276.]
4396,[276.]
4397,[163.]
4398,[161.]
4399,[164.]
4400,[93.]
4401,[89.]
4402,[178.]
4403,[166.]
4404,[173.]
4405,[184.]
4406,[179.]
4407,[267.]
4408,[221.]
4409,[270.]
4410,[272.]
4411,[175.]
4412,[269.]
4413,[24.]
4414,[180.]
4415,[170.]
4416,[171.]
4417,[177.]
4418,[274.]
4419,[278.]
4420,[252.]
4421,[241.]
4422,[275.]
4423,[164.]
4424,[169.]
4425,[172.]
4426,[273.]
4427,[259.]
4428,[173.]
4429,[100.]
4430,[277.]
4431,[170.]
4432,[277.]
4433,[170.]
4434,[179.]
4435,[224.]
4436,[271.]
4437,[272.]
4438,[175.]
4439,[279.]
4440,[274.]
4441,[173.]
4442,[174.]
4443,[197.]
4444,[169.]
4445,[165.]
4446,[172.]
4447,[179.]
4448,[177.]
4449,[179.]
4450,[268.]
4451,[276.]
4452,[172.]
4453,[169.]
4454,[185.]
4455,[170.]
4456,[175.]
4457,[176.]
4458,[169.]
4459,[273.]
4460,[178.]
4461,[166.]
4462,[246.]
4463,[65.]
4464,[268.]
4465,[265.]
4466,[276.]
4467,[166.]
4468,[171.]
4469,[177.]
4470,[259.]
4471,[229.]
4472,[169.]
4473,[172.]
4474,[172.]
4475,[174.]
4476,[277.]
4477,[278.]
4478,[173.]
4479,[171.]
4480,[180.]
4481,[173.]
4482,[172.]
4483,[168.]
4484,[172.]
4485,[182.]
4486,[172.]
4487,[180.]
4488,[173.]
4489,[167.]
4490,[185.]
4491,[167.]
4492,[172.]
4493,[274.]
4494,[274.]
4495,[159.]
4496,[164.]
4497,[160.]
4498,[153.]
4499,[153.]
4500,[153.]
4501,[152.]
4502,[259.]
4503,[154.]
4504,[147.]
4505,[266.]
4506,[162.]
4507,[164.]
4508,[152.]
4509,[149.]
4510,[155.]
4511,[166.]
4512,[164.]
4513,[158.]
4514,[154.]
4515,[154.]
4516,[141.]
4517,[208.]
4518,[160.]
4519,[167.]
4520,[145.]
4521,[144.]
4522,[182.]
4523,[182.]
4524,[164.]
4525,[161.]
4526,[260.]
4527,[156.]
4528,[157.]
4529,[158.]
4530,[270.]
4531,[168.]
4532,[153.]
4533,[155.]
4534,[167.]
4535,[161.]
4536,[187.]
4537,[159.]
4538,[157.]
4539,[262.]
4540,[268.]
4541,[152.]
4542,[160.]
4543,[162.]
4544,[171.]
4545,[156.]
4546,[154.]
4547,[275.]
4548,[160.]
4549,[273.]
4550,[179.]
4551,[161.]
4552,[161.]
4553,[171.]
4554,[176.]
4555,[151.]
4556,[269.]
4557,[151.]
4558,[269.]
4559,[151.]
4560,[151.]
4561,[166.]
4562,[248.]
4563,[169.]
4564,[267.]
4565,[165.]
4566,[271.]
4567,[272.]
4568,[269.]
4569,[156.]
4570,[194.]
4571,[154.]
4572,[154.]
4573,[151.]
4574,[162.]
4575,[167.]
4576,[153.]
4577,[153.]
4578,[154.]
4579,[156.]
4580,[163.]
4581,[271.]
4582,[160.]
4583,[169.]
4584,[266.]
4585,[287.]
4586,[156.]
4587,[159.]
4588,[47.]
4589,[188.]
4590,[152.]
4591,[167.]
4592,[154.]
4593,[157.]
4594,[159.]
4595,[162.]
4596,[163.]
4597,[240.]
4598,[180.]
4599,[259.]
4600,[151.]
4601,[175.]
4602,[161.]
4603,[163.]
4604,[162.]
4605,[157.]
4606,[213.]
4607,[160.]
4608,[159.]
4609,[159.]
4610,[159.]
4611,[159.]
4612,[160.]
4613,[164.]
4614,[255.]
4615,[268.]
4616,[231.]
4617,[235.]
4618,[226.]
4619,[100.]
4620,[106.]
4621,[154.]
4622,[161.]
4623,[228.]
4624,[158.]
4625,[161.]
4626,[162.]
4627,[158.]
4628,[166.]
4629,[309.]
4630,[296.]
4631,[138.]
4632,[153.]
4633,[155.]
4634,[157.]
4635,[155.]
4636,[155.]
4637,[154.]
4638,[162.]
4639,[287.]
4640,[151.]
4641,[156.]
4642,[289.]
4643,[279.]
4644,[270.]
4645,[245.]
4646,[300.]
4647,[246.]
4648,[280.]
4649,[265.]
4650,[278.]
4651,[272.]
4652,[277.]
4653,[164.]
4654,[157.]
4655,[151.]
4656,[148.]
4657,[272.]
4658,[269.]
4659,[210.]
4660,[274.]
4661,[273.]
4662,[205.]
4663,[206.]
4664,[205.]
4665,[204.]
4666,[297.]
4667,[315.]
4668,[235.]
4669,[203.]
4670,[199.]
4671,[311.]
4672,[286.]
4673,[305.]
4674,[292.]
4675,[299.]
4676,[298.]
4677,[285.]
4678,[149.]
4679,[207.]
4680,[200.]
4681,[204.]
4682,[210.]
4683,[206.]
4684,[211.]
4685,[219.]
4686,[216.]
4687,[265.]
4688,[241.]
4689,[224.]
4690,[171.]
4691,[164.]
4692,[166.]
4693,[170.]
4694,[165.]
4695,[161.]
4696,[163.]
4697,[164.]
4698,[162.]
4699,[171.]
4700,[163.]
4701,[165.]
4702,[301.]
4703,[345.]
4704,[328.]
4705,[305.]
4706,[205.]
4707,[168.]
4708,[164.]
4709,[160.]
4710,[205.]
4711,[202.]
4712,[203.]
4713,[209.]
4714,[53.]
4715,[66.]
4716,[214.]
4717,[64.]
4718,[66.]
4719,[65.]
4720,[232.]
4721,[233.]
4722,[234.]
4723,[187.]
4724,[227.]
4725,[210.]
4726,[205.]
4727,[234.]
4728,[164.]
4729,[231.]
4730,[160.]
4731,[155.]
4732,[163.]
4733,[163.]
4734,[167.]
4735,[162.]
4736,[158.]
4737,[313.]
4738,[292.]
4739,[206.]
4740,[204.]
4741,[320.]
4742,[210.]
4743,[210.]
4744,[289.]
4745,[216.]
4746,[333.]
4747,[332.]
4748,[238.]
4749,[237.]
4750,[239.]
4751,[150.]
4752,[229.]
4753,[232.]
4754,[226.]
4755,[237.]
4756,[233.]
4757,[157.]
4758,[230.]
4759,[149.]
4760,[159.]
4761,[150.]
4762,[152.]
4763,[149.]
4764,[168.]
4765,[157.]
4766,[156.]
4767,[21.]
4768,[24.]
4769,[21.]
4770,[25.]
4771,[28.]
4772,[31.]
4773,[41.]
4774,[35.]
4775,[26.]
4776,[30.]
4777,[36.]
4778,[279.]
4779,[296.]
4780,[301.]
4781,[28.]
4782,[22.]
4783,[33.]
4784,[16.]
4785,[350.]
4786,[25.]
4787,[17.]
4788,[16.]
4789,[26.]
4790,[265.]
4791,[22.]
4792,[27.]
4793,[36.]
4794,[38.]
4795,[26.]
4796,[25.]
4797,[278.]
4798,[277.]
4799,[275.]
4800,[270.]
4801,[254.]
4802,[28.]
4803,[26.]
4804,[29.]
4805,[27.]
4806,[271.]
4807,[273.]
4808,[270.]
4809,[272.]
4810,[270.]
4811,[278.]
4812,[270.]
4813,[266.]
4814,[24.]
4815,[23.]
4816,[29.]
4817,[32.]
4818,[32.]
4819,[275.]
4820,[273.]
4821,[22.]
4822,[25.]
4823,[27.]
4824,[25.]
4825,[260.]
4826,[25.]
4827,[33.]
4828,[28.]
4829,[24.]
4830,[30.]
4831,[27.]
4832,[23.]
4833,[28.]
4834,[30.]
4835,[24.]
4836,[29.]
4837,[24.]
4838,[266.]
4839,[262.]
4840,[30.]
4841,[116.]
4842,[35.]
4843,[27.]
4844,[29.]
4845,[27.]
4846,[260.]
4847,[256.]
4848,[248.]
4849,[254.]
4850,[166.]
4851,[181.]
4852,[260.]
4853,[209.]
4854,[207.]
4855,[155.]
4856,[155.]
4857,[210.]
4858,[271.]
4859,[204.]
4860,[208.]
4861,[252.]
4862,[271.]
4863,[260.]
4864,[271.]
4865,[308.]
4866,[212.]
4867,[206.]
4868,[206.]
4869,[212.]
4870,[244.]
4871,[248.]
4872,[241.]
4873,[39.]
4874,[23.]
4875,[277.]
4876,[270.]
4877,[148.]
4878,[273.]
4879,[273.]
4880,[270.]
4881,[240.]
4882,[261.]
4883,[269.]
4884,[266.]
4885,[237.]
4886,[244.]
4887,[239.]
4888,[223.]
4889,[259.]
4890,[244.]
4891,[243.]
4892,[206.]
4893,[201.]
4894,[160.]
4895,[163.]
4896,[249.]
4897,[192.]
4898,[174.]
4899,[229.]
4900,[237.]
4901,[252.]
4902,[246.]
4903,[229.]
4904,[15.]
4905,[12.]
4906,[11.]
4907,[2.]
4908,[8.]
4909,[13.]
4910,[145.]
4911,[147.]
4912,[140.]
4913,[239.]
4914,[182.]
4915,[237.]
4916,[242.]
4917,[264.]
4918,[241.]
4919,[237.]
4920,[234.]
4921,[249.]
4922,[241.]
4923,[245.]
4924,[247.]
4925,[271.]
4926,[264.]
4927,[276.]
4928,[55.]
4929,[248.]
4930,[256.]
4931,[232.]
4932,[245.]
4933,[272.]
